Date,^DJI,^GSPC,^IXIC
2021-04-07,33446.26171875,4079.949951171875,13688.83984375
2021-04-08,33503.5703125,4097.169921875,13829.3095703125
2021-04-09,33800.6015625,4128.7998046875,13900.1904296875
2021-04-12,33745.3984375,4127.990234375,13850.0
2021-04-13,33677.26953125,4141.58984375,13996.099609375
2021-04-14,33730.890625,4124.66015625,13857.83984375
2021-04-15,34035.98828125,4170.419921875,14038.759765625
2021-04-16,34200.671875,4185.47021484375,14052.33984375
2021-04-19,34077.62890625,4163.259765625,13914.76953125
2021-04-20,33821.30078125,4134.93994140625,13786.26953125
2021-04-21,34137.30859375,4173.419921875,13950.2197265625
2021-04-22,33815.8984375,4134.97998046875,13818.41015625
2021-04-23,34043.48828125,4180.169921875,14016.8095703125
2021-04-26,33981.5703125,4187.6201171875,14138.7802734375
2021-04-27,33984.9296875,4186.72021484375,14090.2197265625
2021-04-28,33820.37890625,4183.18017578125,14051.0302734375
2021-04-29,34060.359375,4211.47021484375,14082.5498046875
2021-04-30,33874.8515625,4181.169921875,13962.6796875
2021-05-03,34113.23046875,4192.66015625,13895.1201171875
2021-05-04,34133.03125,4164.66015625,13633.5
2021-05-05,34230.33984375,4167.58984375,13582.419921875
2021-05-06,34548.53125,4201.6201171875,13632.83984375
2021-05-07,34777.76171875,4232.60009765625,13752.240234375
2021-05-10,34742.8203125,4188.43017578125,13401.8603515625
2021-05-11,34269.16015625,4152.10009765625,13389.4296875
2021-05-12,33587.66015625,4063.0400390625,13031.6796875
2021-05-13,34021.44921875,4112.5,13124.990234375
2021-05-14,34382.12890625,4173.85009765625,13429.98046875
2021-05-17,34327.7890625,4163.2900390625,13379.0498046875
2021-05-18,34060.66015625,4127.830078125,13303.6396484375
2021-05-19,33896.0390625,4115.68017578125,13299.740234375
2021-05-20,34084.1484375,4159.1201171875,13535.740234375
2021-05-21,34207.83984375,4155.85986328125,13470.990234375
2021-05-24,34393.98046875,4197.0498046875,13661.169921875
2021-05-25,34312.4609375,4188.1298828125,13657.169921875
2021-05-26,34323.05078125,4195.990234375,13738.0
2021-05-27,34464.640625,4200.8798828125,13736.2802734375
2021-05-28,34529.44921875,4204.10986328125,13748.740234375
2021-06-01,34575.30859375,4202.0400390625,13736.48046875
2021-06-02,34600.37890625,4208.1201171875,13756.330078125
2021-06-03,34577.0390625,4192.85009765625,13614.509765625
2021-06-04,34756.390625,4229.89013671875,13814.490234375
2021-06-07,34630.23828125,4226.52001953125,13881.7197265625
2021-06-08,34599.8203125,4227.259765625,13924.91015625
2021-06-09,34447.140625,4219.5498046875,13911.75
2021-06-10,34466.23828125,4239.18017578125,14020.330078125
2021-06-11,34479.6015625,4247.43994140625,14069.419921875
2021-06-14,34393.75,4255.14990234375,14174.1396484375
2021-06-15,34299.328125,4246.58984375,14072.8603515625
2021-06-16,34033.671875,4223.7001953125,14039.6796875
2021-06-17,33823.44921875,4221.85986328125,14161.349609375
2021-06-18,33290.078125,4166.4501953125,14030.3798828125
2021-06-21,33876.96875,4224.7900390625,14141.48046875
2021-06-22,33945.578125,4246.43994140625,14253.26953125
2021-06-23,33874.23828125,4241.83984375,14271.73046875
2021-06-24,34196.8203125,4266.490234375,14369.7099609375
2021-06-25,34433.83984375,4280.7001953125,14360.3896484375
2021-06-28,34283.26953125,4290.60986328125,14500.509765625
2021-06-29,34292.2890625,4291.7998046875,14528.330078125
2021-06-30,34502.51171875,4297.5,14503.9501953125
2021-07-01,34633.53125,4319.93994140625,14522.3798828125
2021-07-02,34786.3515625,4352.33984375,14639.330078125
2021-07-06,34577.37109375,4343.5400390625,14663.6396484375
2021-07-07,34681.7890625,4358.1298828125,14665.0595703125
2021-07-08,34421.9296875,4320.81982421875,14559.7802734375
2021-07-09,34870.16015625,4369.5498046875,14701.919921875
2021-07-12,34996.1796875,4384.6298828125,14733.240234375
2021-07-13,34888.7890625,4369.2099609375,14677.650390625
2021-07-14,34933.23046875,4374.2998046875,14644.9501953125
2021-07-15,34987.01953125,4360.02978515625,14543.1298828125
2021-07-16,34687.8515625,4327.16015625,14427.240234375
2021-07-19,33962.0390625,4258.490234375,14274.98046875
2021-07-20,34511.98828125,4323.06005859375,14498.8798828125
2021-07-21,34798.0,4358.68994140625,14631.9501953125
2021-07-22,34823.3515625,4367.47998046875,14684.599609375
2021-07-23,35061.55078125,4411.7900390625,14836.990234375
2021-07-26,35144.30859375,4422.2998046875,14840.7099609375
2021-07-27,35058.51953125,4401.4599609375,14660.580078125
2021-07-28,34930.9296875,4400.64013671875,14762.580078125
2021-07-29,35084.53125,4419.14990234375,14778.259765625
2021-07-30,34935.46875,4395.259765625,14672.6796875
2021-08-02,34838.16015625,4387.16015625,14681.0703125
2021-08-03,35116.3984375,4423.14990234375,14761.2900390625
2021-08-04,34792.671875,4402.66015625,14780.5302734375
2021-08-05,35064.25,4429.10009765625,14895.1201171875
2021-08-06,35208.51171875,4436.52001953125,14835.759765625
2021-08-09,35101.8515625,4432.35009765625,14860.1796875
2021-08-10,35264.671875,4436.75,14788.08984375
2021-08-11,35484.96875,4442.41015625,14765.1396484375
2021-08-12,35499.8515625,4460.830078125,14816.259765625
2021-08-13,35515.37890625,4468.0,14822.900390625
2021-08-16,35625.3984375,4479.7099609375,14793.759765625
2021-08-17,35343.28125,4448.080078125,14656.1796875
2021-08-18,34960.69140625,4400.27001953125,14525.91015625
2021-08-19,34894.12109375,4405.7998046875,14541.7900390625
2021-08-20,35120.078125,4441.669921875,14714.66015625
2021-08-23,35335.7109375,4479.52978515625,14942.650390625
2021-08-24,35366.26171875,4486.22998046875,15019.7998046875
2021-08-25,35405.5,4496.18994140625,15041.8603515625
2021-08-26,35213.12109375,4470.0,14945.8095703125
2021-08-27,35455.80078125,4509.3701171875,15129.5
2021-08-30,35399.83984375,4528.7900390625,15265.8896484375
2021-08-31,35360.73046875,4522.68017578125,15259.240234375
2021-09-01,35312.53125,4524.08984375,15309.3798828125
2021-09-02,35443.8203125,4536.9501953125,15331.1796875
2021-09-03,35369.08984375,4535.43017578125,15363.51953125
2021-09-07,35100.0,4520.02978515625,15374.330078125
2021-09-08,35031.0703125,4514.06982421875,15286.6396484375
2021-09-09,34879.37890625,4493.27978515625,15248.25
2021-09-10,34607.71875,4458.580078125,15115.490234375
2021-09-13,34869.62890625,4468.72998046875,15105.580078125
2021-09-14,34577.5703125,4443.0498046875,15037.759765625
2021-09-15,34814.390625,4480.7001953125,15161.5302734375
2021-09-16,34751.3203125,4473.75,15181.919921875
2021-09-17,34584.87890625,4432.990234375,15043.9697265625
2021-09-20,33970.46875,4357.72998046875,14713.900390625
2021-09-21,33919.83984375,4354.18994140625,14746.400390625
2021-09-22,34258.3203125,4395.64013671875,14896.849609375
2021-09-23,34764.8203125,4448.97998046875,15052.240234375
2021-09-24,34798.0,4455.47998046875,15047.7001953125
2021-09-27,34869.37109375,4443.10986328125,14969.9697265625
2021-09-28,34299.98828125,4352.6298828125,14546.6796875
2021-09-29,34390.71875,4359.4599609375,14512.4404296875
2021-09-30,33843.921875,4307.5400390625,14448.580078125
2021-10-01,34326.4609375,4357.0400390625,14566.7001953125
2021-10-04,34002.921875,4300.4599609375,14255.48046875
2021-10-05,34314.671875,4345.72021484375,14433.830078125
2021-10-06,34416.98828125,4363.5498046875,14501.91015625
2021-10-07,34754.94140625,4399.759765625,14654.01953125
2021-10-08,34746.25,4391.33984375,14579.5400390625
2021-10-11,34496.05859375,4361.18994140625,14486.2001953125
2021-10-12,34378.33984375,4350.64990234375,14465.919921875
2021-10-13,34377.80859375,4363.7998046875,14571.6396484375
2021-10-14,34912.55859375,4438.259765625,14823.4296875
2021-10-15,35294.76171875,4471.3701171875,14897.33984375
2021-10-18,35258.609375,4486.4599609375,15021.8095703125
2021-10-19,35457.30859375,4519.6298828125,15129.08984375
2021-10-20,35609.33984375,4536.18994140625,15121.6796875
2021-10-21,35603.078125,4549.77978515625,15215.7001953125
2021-10-22,35677.01953125,4544.89990234375,15090.2001953125
2021-10-25,35741.1484375,4566.47998046875,15226.7099609375
2021-10-26,35756.87890625,4574.7900390625,15235.7099609375
2021-10-27,35490.69140625,4551.68017578125,15235.83984375
2021-10-28,35730.48046875,4596.419921875,15448.1201171875
2021-10-29,35819.55859375,4605.3798828125,15498.3896484375
2021-11-01,35913.83984375,4613.669921875,15595.919921875
2021-11-02,36052.62890625,4630.64990234375,15649.599609375
2021-11-03,36157.578125,4660.56982421875,15811.580078125
2021-11-04,36124.23046875,4680.06005859375,15940.3095703125
2021-11-05,36327.94921875,4697.52978515625,15971.58984375
2021-11-08,36432.21875,4701.7001953125,15982.3603515625
2021-11-09,36319.98046875,4685.25,15886.5400390625
2021-11-10,36079.94140625,4646.7099609375,15622.7099609375
2021-11-11,35921.23046875,4649.27001953125,15704.2802734375
2021-11-12,36100.30859375,4682.85009765625,15860.9599609375
2021-11-15,36087.44921875,4682.7998046875,15853.849609375
2021-11-16,36142.21875,4700.89990234375,15973.8603515625
2021-11-17,35931.05078125,4688.669921875,15921.5703125
2021-11-18,35870.94921875,4704.5400390625,15993.7099609375
2021-11-19,35601.98046875,4697.9599609375,16057.4404296875
2021-11-22,35619.25,4682.93994140625,15854.759765625
2021-11-23,35813.80078125,4690.7001953125,15775.1396484375
2021-11-24,35804.37890625,4701.4599609375,15845.23046875
2021-11-26,34899.33984375,4594.6201171875,15491.66015625
2021-11-29,35135.94140625,4655.27001953125,15782.830078125
2021-11-30,34483.71875,4567.0,15537.6904296875
2021-12-01,34022.0390625,4513.0400390625,15254.0498046875
2021-12-02,34639.7890625,4577.10009765625,15381.3203125
2021-12-03,34580.078125,4538.43017578125,15085.4697265625
2021-12-06,35227.03125,4591.669921875,15225.150390625
2021-12-07,35719.4296875,4686.75,15686.919921875
2021-12-08,35754.75,4701.2099609375,15786.990234375
2021-12-09,35754.69140625,4667.4501953125,15517.3701171875
2021-12-10,35970.98828125,4712.02001953125,15630.599609375
2021-12-13,35650.94921875,4668.97021484375,15413.2802734375
2021-12-14,35544.1796875,4634.08984375,15237.6396484375
2021-12-15,35927.4296875,4709.85009765625,15565.580078125
2021-12-16,35897.640625,4668.669921875,15180.4296875
2021-12-17,35365.44140625,4620.64013671875,15169.6796875
2021-12-20,34932.16015625,4568.02001953125,14980.9404296875
2021-12-21,35492.69921875,4649.22998046875,15341.08984375
2021-12-22,35753.890625,4696.56005859375,15521.8896484375
2021-12-23,35950.55859375,4725.7900390625,15653.3701171875
2021-12-27,36302.37890625,4791.18994140625,15871.259765625
2021-12-28,36398.2109375,4786.35009765625,15781.7197265625
2021-12-29,36488.62890625,4793.06005859375,15766.2197265625
2021-12-30,36398.078125,4778.72998046875,15741.5595703125
2021-12-31,36338.30078125,4766.18017578125,15644.9697265625
2022-01-03,36585.05859375,4796.56005859375,15832.7998046875
2022-01-04,36799.6484375,4793.5400390625,15622.7197265625
2022-01-05,36407.109375,4700.580078125,15100.169921875
2022-01-06,36236.46875,4696.0498046875,15080.8603515625
2022-01-07,36231.66015625,4677.02978515625,14935.900390625
2022-01-10,36068.87109375,4670.2900390625,14942.830078125
2022-01-11,36252.01953125,4713.06982421875,15153.4501953125
2022-01-12,36290.3203125,4726.35009765625,15188.3896484375
2022-01-13,36113.62109375,4659.02978515625,14806.8095703125
2022-01-14,35911.80859375,4662.85009765625,14893.75
2022-01-18,35368.46875,4577.10986328125,14506.900390625
2022-01-19,35028.6484375,4532.759765625,14340.259765625
2022-01-20,34715.390625,4482.72998046875,14154.01953125
2022-01-21,34265.37109375,4397.93994140625,13768.919921875
2022-01-24,34364.5,4410.1298828125,13855.1298828125
2022-01-25,34297.73046875,4356.4501953125,13539.2900390625
2022-01-26,34168.08984375,4349.93017578125,13542.1201171875
2022-01-27,34160.78125,4326.509765625,13352.7802734375
2022-01-28,34725.46875,4431.85009765625,13770.5703125
2022-01-31,35131.859375,4515.5498046875,14239.8798828125
2022-02-01,35405.23828125,4546.5400390625,14346.0
2022-02-02,35629.328125,4589.3798828125,14417.5498046875
2022-02-03,35111.16015625,4477.43994140625,13878.8203125
2022-02-04,35089.73828125,4500.52978515625,14098.009765625
2022-02-07,35091.12890625,4483.8701171875,14015.669921875
2022-02-08,35462.78125,4521.5400390625,14194.4501953125
2022-02-09,35768.05859375,4587.18017578125,14490.3701171875
2022-02-10,35241.58984375,4504.080078125,14185.6396484375
2022-02-11,34738.05859375,4418.64013671875,13791.150390625
2022-02-14,34566.171875,4401.669921875,13790.919921875
2022-02-15,34988.83984375,4471.06982421875,14139.759765625
2022-02-16,34934.26953125,4475.009765625,14124.08984375
2022-02-17,34312.03125,4380.259765625,13716.7197265625
2022-02-18,34079.1796875,4348.8701171875,13548.0703125
2022-02-22,33596.609375,4304.759765625,13381.51953125
2022-02-23,33131.76171875,4225.5,13037.490234375
2022-02-24,33223.828125,4288.7001953125,13473.58984375
2022-02-25,34058.75,4384.64990234375,13694.6201171875
2022-02-28,33892.6015625,4373.93994140625,13751.400390625
2022-03-01,33294.94921875,4306.259765625,13532.4599609375
2022-03-02,33891.3515625,4386.5400390625,13752.01953125
2022-03-03,33794.66015625,4363.490234375,13537.9404296875
2022-03-04,33614.80078125,4328.8701171875,13313.4404296875
2022-03-07,32817.37890625,4201.08984375,12830.9599609375
2022-03-08,32632.640625,4170.7001953125,12795.5498046875
2022-03-09,33286.25,4277.8798828125,13255.5498046875
2022-03-10,33174.0703125,4259.52001953125,13129.9599609375
2022-03-11,32944.19140625,4204.31005859375,12843.8095703125
2022-03-14,32945.23828125,4173.10986328125,12581.2197265625
2022-03-15,33544.33984375,4262.4501953125,12948.6201171875
2022-03-16,34063.1015625,4357.85986328125,13436.5498046875
2022-03-17,34480.76171875,4411.669921875,13614.7802734375
2022-03-18,34754.9296875,4463.1201171875,13893.83984375
2022-03-21,34552.98828125,4461.18017578125,13838.4599609375
2022-03-22,34807.4609375,4511.60986328125,14108.8203125
2022-03-23,34358.5,4456.240234375,13922.599609375
2022-03-24,34707.94140625,4520.16015625,14191.83984375
2022-03-25,34861.23828125,4543.06005859375,14169.2998046875
2022-03-28,34955.890625,4575.52001953125,14354.900390625
2022-03-29,35294.19140625,4631.60009765625,14619.6396484375
2022-03-30,35228.80859375,4602.4501953125,14442.26953125
2022-03-31,34678.3515625,4530.41015625,14220.51953125
2022-04-01,34818.26953125,4545.85986328125,14261.5
2022-04-04,34921.87890625,4582.64013671875,14532.5498046875
2022-04-05,34641.1796875,4525.1201171875,14204.169921875
2022-04-06,34496.51171875,4481.14990234375,13888.8203125
2022-04-07,34583.5703125,4500.2099609375,13897.2998046875
2022-04-08,34721.12109375,4488.27978515625,13711.0
2022-04-11,34308.078125,4412.52978515625,13411.9599609375
2022-04-12,34220.359375,4397.4501953125,13371.5703125
2022-04-13,34564.58984375,4446.58984375,13643.58984375
2022-04-14,34451.23046875,4392.58984375,13351.080078125
2022-04-18,34411.69140625,4391.68994140625,13332.3603515625
2022-04-19,34911.19921875,4462.2099609375,13619.66015625
2022-04-20,35160.7890625,4459.4501953125,13453.0703125
2022-04-21,34792.76171875,4393.66015625,13174.650390625
2022-04-22,33811.3984375,4271.77978515625,12839.2900390625
2022-04-25,34049.4609375,4296.1201171875,13004.849609375
2022-04-26,33240.1796875,4175.2001953125,12490.740234375
2022-04-27,33301.9296875,4183.9599609375,12488.9296875
2022-04-28,33916.390625,4287.5,12871.5302734375
2022-04-29,32977.2109375,4131.93017578125,12334.6396484375
2022-05-02,33061.5,4155.3798828125,12536.01953125
2022-05-03,33128.7890625,4175.47998046875,12563.759765625
2022-05-04,34061.05859375,4300.169921875,12964.8603515625
2022-05-05,32997.96875,4146.8701171875,12317.6904296875
2022-05-06,32899.37109375,4123.33984375,12144.66015625
2022-05-09,32245.69921875,3991.239990234375,11623.25
2022-05-10,32160.740234375,4001.050048828125,11737.669921875
2022-05-11,31834.109375,3935.179931640625,11364.240234375
2022-05-12,31730.30078125,3930.080078125,11370.9599609375
2022-05-13,32196.66015625,4023.889892578125,11805.0
2022-05-16,32223.419921875,4008.010009765625,11662.7900390625
2022-05-17,32654.58984375,4088.85009765625,11984.51953125
2022-05-18,31490.0703125,3923.679931640625,11418.150390625
2022-05-19,31253.130859375,3900.7900390625,11388.5
2022-05-20,31261.900390625,3901.360107421875,11354.6201171875
2022-05-23,31880.240234375,3973.75,11535.26953125
2022-05-24,31928.619140625,3941.47998046875,11264.4501953125
2022-05-25,32120.279296875,3978.72998046875,11434.740234375
2022-05-26,32637.189453125,4057.840087890625,11740.650390625
2022-05-27,33212.9609375,4158.240234375,12131.1298828125
2022-05-31,32990.12109375,4132.14990234375,12081.3896484375
2022-06-01,32813.23046875,4101.22998046875,11994.4599609375
2022-06-02,33248.28125,4176.81982421875,12316.900390625
2022-06-03,32899.69921875,4108.5400390625,12012.73046875
2022-06-06,32915.78125,4121.43017578125,12061.3701171875
2022-06-07,33180.140625,4160.68017578125,12175.23046875
2022-06-08,32910.8984375,4115.77001953125,12086.26953125
2022-06-09,32272.7890625,4017.820068359375,11754.23046875
2022-06-10,31392.7890625,3900.860107421875,11340.01953125
2022-06-13,30516.740234375,3749.6298828125,10809.23046875
2022-06-14,30364.830078125,3735.47998046875,10828.349609375
2022-06-15,30668.529296875,3789.989990234375,11099.150390625
2022-06-16,29927.0703125,3666.77001953125,10646.099609375
2022-06-17,29888.779296875,3674.840087890625,10798.349609375
2022-06-21,30530.25,3764.7900390625,11069.2998046875
2022-06-22,30483.130859375,3759.889892578125,11053.080078125
2022-06-23,30677.359375,3795.72998046875,11232.1904296875
2022-06-24,31500.6796875,3911.739990234375,11607.6201171875
2022-06-27,31438.259765625,3900.110107421875,11524.5498046875
2022-06-28,30946.990234375,3821.550048828125,11181.5400390625
2022-06-29,31029.310546875,3818.830078125,11177.8896484375
2022-06-30,30775.4296875,3785.3798828125,11028.740234375
2022-07-01,31097.259765625,3825.330078125,11127.849609375
2022-07-05,30967.8203125,3831.389892578125,11322.240234375
2022-07-06,31037.6796875,3845.080078125,11361.849609375
2022-07-07,31384.55078125,3902.6201171875,11621.349609375
2022-07-08,31338.150390625,3899.3798828125,11635.3095703125
2022-07-11,31173.83984375,3854.429931640625,11372.599609375
2022-07-12,30981.330078125,3818.800048828125,11264.73046875
2022-07-13,30772.7890625,3801.780029296875,11247.580078125
2022-07-14,30630.169921875,3790.3798828125,11251.1904296875
2022-07-15,31288.259765625,3863.159912109375,11452.419921875
2022-07-18,31072.609375,3830.85009765625,11360.0498046875
2022-07-19,31827.05078125,3936.68994140625,11713.150390625
2022-07-20,31874.83984375,3959.89990234375,11897.650390625
2022-07-21,32036.900390625,3998.949951171875,12059.6103515625
2022-07-22,31899.2890625,3961.6298828125,11834.1103515625
2022-07-25,31990.0390625,3966.840087890625,11782.669921875
2022-07-26,31761.5390625,3921.050048828125,11562.5703125
2022-07-27,32197.58984375,4023.610107421875,12032.419921875
2022-07-28,32529.630859375,4072.429931640625,12162.58984375
2022-07-29,32845.12890625,4130.2900390625,12390.6904296875
2022-08-01,32798.3984375,4118.6298828125,12368.98046875
2022-08-02,32396.169921875,4091.18994140625,12348.759765625
2022-08-03,32812.5,4155.169921875,12668.16015625
2022-08-04,32726.8203125,4151.93994140625,12720.580078125
2022-08-05,32803.46875,4145.18994140625,12657.5498046875
2022-08-08,32832.5390625,4140.06005859375,12644.4599609375
2022-08-09,32774.41015625,4122.47021484375,12493.9296875
2022-08-10,33309.51171875,4210.240234375,12854.7998046875
2022-08-11,33336.671875,4207.27001953125,12779.91015625
2022-08-12,33761.05078125,4280.14990234375,13047.1904296875
2022-08-15,33912.44140625,4297.14013671875,13128.0498046875
2022-08-16,34152.01171875,4305.2001953125,13102.5498046875
2022-08-17,33980.3203125,4274.0400390625,12938.1201171875
2022-08-18,33999.0390625,4283.740234375,12965.33984375
2022-08-19,33706.73828125,4228.47998046875,12705.2197265625
2022-08-22,33063.609375,4137.990234375,12381.5703125
2022-08-23,32909.58984375,4128.72998046875,12381.2998046875
2022-08-24,32969.23046875,4140.77001953125,12431.5302734375
2022-08-25,33291.78125,4199.1201171875,12639.26953125
2022-08-26,32283.400390625,4057.659912109375,12141.7099609375
2022-08-29,32098.990234375,4030.610107421875,12017.669921875
2022-08-30,31790.869140625,3986.159912109375,11883.1396484375
2022-08-31,31510.4296875,3955.0,11816.2001953125
2022-09-01,31656.419921875,3966.85009765625,11785.1298828125
2022-09-02,31318.439453125,3924.260009765625,11630.8603515625
2022-09-06,31145.30078125,3908.18994140625,11544.91015625
2022-09-07,31581.279296875,3979.8701171875,11791.900390625
2022-09-08,31774.51953125,4006.179931640625,11862.1298828125
2022-09-09,32151.7109375,4067.360107421875,12112.3095703125
2022-09-12,32381.33984375,4110.41015625,12266.41015625
2022-09-13,31104.970703125,3932.68994140625,11633.5703125
2022-09-14,31135.08984375,3946.010009765625,11719.6796875
2022-09-15,30961.8203125,3901.35009765625,11552.3603515625
2022-09-16,30822.419921875,3873.330078125,11448.400390625
2022-09-19,31019.6796875,3899.889892578125,11535.01953125
2022-09-20,30706.23046875,3855.929931640625,11425.0498046875
2022-09-21,30183.779296875,3789.929931640625,11220.1904296875
2022-09-22,30076.6796875,3757.989990234375,11066.8095703125
2022-09-23,29590.41015625,3693.22998046875,10867.9296875
2022-09-26,29260.810546875,3655.0400390625,10802.919921875
2022-09-27,29134.990234375,3647.2900390625,10829.5
2022-09-28,29683.740234375,3719.0400390625,11051.6396484375
2022-09-29,29225.609375,3640.469970703125,10737.509765625
2022-09-30,28725.509765625,3585.6201171875,10575.6201171875
2022-10-03,29490.890625,3678.429931640625,10815.4296875
2022-10-04,30316.3203125,3790.929931640625,11176.41015625
2022-10-05,30273.869140625,3783.280029296875,11148.6396484375
2022-10-06,29926.939453125,3744.52001953125,11073.3095703125
2022-10-07,29296.7890625,3639.659912109375,10652.400390625
2022-10-10,29202.880859375,3612.389892578125,10542.099609375
2022-10-11,29239.189453125,3588.840087890625,10426.1904296875
2022-10-12,29210.849609375,3577.030029296875,10417.099609375
2022-10-13,30038.720703125,3669.909912109375,10649.150390625
2022-10-14,29634.830078125,3583.070068359375,10321.3896484375
2022-10-17,30185.8203125,3677.949951171875,10675.7998046875
2022-10-18,30523.80078125,3719.97998046875,10772.400390625
2022-10-19,30423.810546875,3695.159912109375,10680.509765625
2022-10-20,30333.58984375,3665.780029296875,10614.83984375
2022-10-21,31082.560546875,3752.75,10859.7197265625
2022-10-24,31499.619140625,3797.340087890625,10952.6103515625
2022-10-25,31836.740234375,3859.110107421875,11199.1201171875
2022-10-26,31839.109375,3830.60009765625,10970.990234375
2022-10-27,32033.279296875,3807.300048828125,10792.669921875
2022-10-28,32861.80078125,3901.06005859375,11102.4501953125
2022-10-31,32732.94921875,3871.97998046875,10988.150390625
2022-11-01,32653.19921875,3856.10009765625,10890.849609375
2022-11-02,32147.759765625,3759.68994140625,10524.7998046875
2022-11-03,32001.25,3719.889892578125,10342.9404296875
2022-11-04,32403.220703125,3770.550048828125,10475.25
2022-11-07,32827.0,3806.800048828125,10564.51953125
2022-11-08,33160.828125,3828.110107421875,10616.2001953125
2022-11-09,32513.939453125,3748.570068359375,10353.169921875
2022-11-10,33715.37109375,3956.3701171875,11114.150390625
2022-11-11,33747.859375,3992.929931640625,11323.330078125
2022-11-14,33536.69921875,3957.25,11196.2197265625
2022-11-15,33592.921875,3991.72998046875,11358.41015625
2022-11-16,33553.828125,3958.7900390625,11183.66015625
2022-11-17,33546.3203125,3946.56005859375,11144.9599609375
2022-11-18,33745.69140625,3965.340087890625,11146.0595703125
2022-11-21,33700.28125,3949.93994140625,11024.509765625
2022-11-22,34098.1015625,4003.580078125,11174.41015625
2022-11-23,34194.05859375,4027.260009765625,11285.3203125
2022-11-25,34347.03125,4026.1201171875,11226.3603515625
2022-11-28,33849.4609375,3963.93994140625,11049.5
2022-11-29,33852.53125,3957.6298828125,10983.7802734375
2022-11-30,34589.76953125,4080.110107421875,11468.0
2022-12-01,34395.01171875,4076.570068359375,11482.4501953125
2022-12-02,34429.87890625,4071.699951171875,11461.5
2022-12-05,33947.1015625,3998.840087890625,11239.9404296875
2022-12-06,33596.33984375,3941.260009765625,11014.8896484375
2022-12-07,33597.921875,3933.919921875,10958.5498046875
2022-12-08,33781.48046875,3963.510009765625,11082.0
2022-12-09,33476.4609375,3934.3798828125,11004.6201171875
2022-12-12,34005.0390625,3990.56005859375,11143.740234375
2022-12-13,34108.640625,4019.64990234375,11256.8095703125
2022-12-14,33966.3515625,3995.320068359375,11170.8896484375
2022-12-15,33202.21875,3895.75,10810.5302734375
2022-12-16,32920.4609375,3852.360107421875,10705.41015625
2022-12-19,32757.5390625,3817.659912109375,10546.0302734375
2022-12-20,32849.73828125,3821.6201171875,10547.1103515625
2022-12-21,33376.48046875,3878.43994140625,10709.3701171875
2022-12-22,33027.48828125,3822.389892578125,10476.1201171875
2022-12-23,33203.9296875,3844.820068359375,10497.8603515625
2022-12-27,33241.55859375,3829.25,10353.23046875
2022-12-28,32875.7109375,3783.219970703125,10213.2900390625
2022-12-29,33220.80078125,3849.280029296875,10478.08984375
2022-12-30,33147.25,3839.5,10466.48046875
2023-01-03,33136.37109375,3824.139892578125,10386.98046875
2023-01-04,33269.76953125,3852.969970703125,10458.759765625
2023-01-05,32930.078125,3808.10009765625,10305.240234375
2023-01-06,33630.609375,3895.080078125,10569.2900390625
2023-01-09,33517.6484375,3892.090087890625,10635.650390625
2023-01-10,33704.1015625,3919.25,10742.6298828125
2023-01-11,33973.01171875,3969.610107421875,10931.669921875
2023-01-12,34189.96875,3983.169921875,11001.099609375
2023-01-13,34302.609375,3999.090087890625,11079.16015625
2023-01-17,33910.8515625,3990.969970703125,11095.1103515625
2023-01-18,33296.9609375,3928.860107421875,10957.009765625
2023-01-19,33044.55859375,3898.85009765625,10852.26953125
2023-01-20,33375.48828125,3972.610107421875,11140.4296875
2023-01-23,33629.55859375,4019.81005859375,11364.41015625
2023-01-24,33733.9609375,4016.949951171875,11334.26953125
2023-01-25,33743.83984375,4016.219970703125,11313.3603515625
2023-01-26,33949.41015625,4060.429931640625,11512.41015625
2023-01-27,33978.078125,4070.56005859375,11621.7099609375
2023-01-30,33717.08984375,4017.77001953125,11393.8095703125
2023-01-31,34086.0390625,4076.60009765625,11584.5498046875
2023-02-01,34092.9609375,4119.2099609375,11816.3203125
2023-02-02,34053.94140625,4179.759765625,12200.8203125
2023-02-03,33926.01171875,4136.47998046875,12006.9501953125
2023-02-06,33891.01953125,4111.080078125,11887.4501953125
2023-02-07,34156.69140625,4164.0,12113.7900390625
2023-02-08,33949.01171875,4117.85986328125,11910.51953125
2023-02-09,33699.87890625,4081.5,11789.580078125
2023-02-10,33869.26953125,4090.4599609375,11718.1201171875
2023-02-13,34245.9296875,4137.2900390625,11891.7900390625
2023-02-14,34089.26953125,4136.1298828125,11960.150390625
2023-02-15,34128.05078125,4147.60009765625,12070.58984375
2023-02-16,33696.8515625,4090.409912109375,11855.830078125
2023-02-17,33826.69140625,4079.090087890625,11787.26953125
2023-02-21,33129.58984375,3997.340087890625,11492.2998046875
2023-02-22,33045.08984375,3991.050048828125,11507.0703125
2023-02-23,33153.91015625,4012.320068359375,11590.400390625
2023-02-24,32816.921875,3970.0400390625,11394.9404296875
2023-02-27,32889.08984375,3982.239990234375,11466.98046875
2023-02-28,32656.69921875,3970.14990234375,11455.5400390625
2023-03-01,32661.83984375,3951.389892578125,11379.48046875
2023-03-02,33003.5703125,3981.35009765625,11462.98046875
2023-03-03,33390.96875,4045.639892578125,11689.009765625
2023-03-06,33431.44140625,4048.419921875,11675.740234375
2023-03-07,32856.4609375,3986.3701171875,11530.330078125
2023-03-08,32798.3984375,3992.010009765625,11576.0
2023-03-09,32254.859375,3918.320068359375,11338.349609375
2023-03-10,31909.640625,3861.590087890625,11138.8896484375
2023-03-13,31819.140625,3855.760009765625,11188.83984375
2023-03-14,32155.400390625,3919.2900390625,11428.150390625
2023-03-15,31874.5703125,3891.929931640625,11434.0498046875
2023-03-16,32246.55078125,3960.280029296875,11717.2802734375
2023-03-17,31861.98046875,3916.639892578125,11630.509765625
2023-03-20,32244.580078125,3951.570068359375,11675.5400390625
2023-03-21,32560.599609375,4002.8701171875,11860.1103515625
2023-03-22,32030.109375,3936.969970703125,11669.9599609375
2023-03-23,32105.25,3948.719970703125,11787.400390625
2023-03-24,32237.529296875,3970.989990234375,11823.9599609375
2023-03-27,32432.080078125,3977.530029296875,11768.83984375
2023-03-28,32394.25,3971.27001953125,11716.080078125
2023-03-29,32717.599609375,4027.81005859375,11926.240234375
2023-03-30,32859.03125,4050.830078125,12013.4697265625
2023-03-31,33274.1484375,4109.31005859375,12221.91015625
2023-04-03,33601.1484375,4124.509765625,12189.4501953125
2023-04-04,33402.37890625,4100.60009765625,12126.330078125
2023-04-05,33482.71875,4090.3798828125,11996.8603515625
2023-04-06,33485.2890625,4105.02001953125,12087.9599609375
2023-04-10,33586.51953125,4109.10986328125,12084.3603515625
2023-04-11,33684.7890625,4108.93994140625,12031.8798828125
2023-04-12,33646.5,4091.949951171875,11929.33984375
2023-04-13,34029.69140625,4146.22021484375,12166.26953125
2023-04-14,33886.46875,4137.64013671875,12123.4697265625
2023-04-17,33987.1796875,4151.31982421875,12157.7197265625
2023-04-18,33976.62890625,4154.8701171875,12153.41015625
2023-04-19,33897.01171875,4154.52001953125,12157.23046875
2023-04-20,33786.62109375,4129.7900390625,12059.5595703125
2023-04-21,33808.9609375,4133.52001953125,12072.4599609375
2023-04-24,33875.3984375,4137.0400390625,12037.2001953125
2023-04-25,33530.828125,4071.6298828125,11799.16015625
2023-04-26,33301.87109375,4055.989990234375,11854.349609375
2023-04-27,33826.16015625,4135.35009765625,12142.240234375
2023-04-28,34098.16015625,4169.47998046875,12226.580078125
2023-05-01,34051.69921875,4167.8701171875,12212.599609375
2023-05-02,33684.53125,4119.580078125,12080.509765625
2023-05-03,33414.23828125,4090.75,12025.330078125
2023-05-04,33127.73828125,4061.219970703125,11966.400390625
2023-05-05,33674.37890625,4136.25,12235.41015625
2023-05-08,33618.69140625,4138.1201171875,12256.919921875
2023-05-09,33561.80859375,4119.169921875,12179.5498046875
2023-05-10,33531.328125,4137.64013671875,12306.4404296875
2023-05-11,33309.51171875,4130.6201171875,12328.509765625
2023-05-12,33300.62109375,4124.080078125,12284.740234375
2023-05-15,33348.6015625,4136.27978515625,12365.2099609375
2023-05-16,33012.140625,4109.89990234375,12343.0498046875
2023-05-17,33420.76953125,4158.77001953125,12500.5703125
2023-05-18,33535.91015625,4198.0498046875,12688.83984375
2023-05-19,33426.62890625,4191.97998046875,12657.900390625
2023-05-22,33286.578125,4192.6298828125,12720.7802734375
2023-05-23,33055.51171875,4145.580078125,12560.25
2023-05-24,32799.921875,4115.240234375,12484.16015625
2023-05-25,32764.650390625,4151.27978515625,12698.08984375
2023-05-26,33093.33984375,4205.4501953125,12975.6904296875
2023-05-30,33042.78125,4205.52001953125,13017.4296875
2023-05-31,32908.26953125,4179.830078125,12935.2900390625
2023-06-01,33061.5703125,4221.02001953125,13100.98046875
2023-06-02,33762.76171875,4282.3701171875,13240.76953125
2023-06-05,33562.859375,4273.7900390625,13229.4296875
2023-06-06,33573.28125,4283.85009765625,13276.419921875
2023-06-07,33665.01953125,4267.52001953125,13104.900390625
2023-06-08,33833.609375,4293.93017578125,13238.51953125
2023-06-09,33876.78125,4298.85986328125,13259.1396484375
2023-06-12,34066.328125,4338.93017578125,13461.919921875
2023-06-13,34212.12109375,4369.009765625,13573.3203125
2023-06-14,33979.328125,4372.58984375,13626.48046875
2023-06-15,34408.05859375,4425.83984375,13782.8203125
2023-06-16,34299.12109375,4409.58984375,13689.5703125
2023-06-20,34053.87109375,4388.7099609375,13667.2900390625
2023-06-21,33951.51953125,4365.68994140625,13502.2001953125
2023-06-22,33946.7109375,4381.89013671875,13630.6103515625
2023-06-23,33727.4296875,4348.330078125,13492.51953125
2023-06-26,33714.7109375,4328.81982421875,13335.7802734375
2023-06-27,33926.73828125,4378.41015625,13555.669921875
2023-06-28,33852.66015625,4376.85986328125,13591.75
2023-06-29,34122.421875,4396.43994140625,13591.330078125
2023-06-30,34407.6015625,4450.3798828125,13787.919921875
2023-07-03,34418.46875,4455.58984375,13816.76953125
2023-07-05,34288.640625,4446.81982421875,13791.650390625
2023-07-06,33922.26171875,4411.58984375,13679.0400390625
2023-07-07,33734.87890625,4398.9501953125,13660.7197265625
2023-07-10,33944.3984375,4409.52978515625,13685.48046875
2023-07-11,34261.421875,4439.259765625,13760.7001953125
2023-07-12,34347.4296875,4472.16015625,13918.9599609375
2023-07-13,34395.140625,4510.0400390625,14138.5703125
2023-07-14,34509.03125,4505.419921875,14113.7001953125
2023-07-17,34585.3515625,4522.7900390625,14244.9501953125
2023-07-18,34951.9296875,4554.97998046875,14353.6396484375
2023-07-19,35061.2109375,4565.72021484375,14358.01953125
2023-07-20,35225.1796875,4534.8701171875,14063.3095703125
2023-07-21,35227.69140625,4536.33984375,14032.8095703125
2023-07-24,35411.23828125,4554.64013671875,14058.8701171875
2023-07-25,35438.0703125,4567.4599609375,14144.5595703125
2023-07-26,35520.12109375,4566.75,14127.2802734375
2023-07-27,35282.71875,4537.41015625,14050.1103515625
2023-07-28,35459.2890625,4582.22998046875,14316.66015625
2023-07-31,35559.53125,4588.9599609375,14346.01953125
2023-08-01,35630.6796875,4576.72998046875,14283.91015625
2023-08-02,35282.51953125,4513.39013671875,13973.4501953125
2023-08-03,35215.890625,4501.89013671875,13959.7197265625
2023-08-04,35065.62109375,4478.02978515625,13909.240234375
2023-08-07,35473.12890625,4518.43994140625,13994.400390625
2023-08-08,35314.48828125,4499.3798828125,13884.3203125
2023-08-09,35123.359375,4467.7099609375,13722.01953125
2023-08-10,35176.1484375,4468.830078125,13737.990234375
2023-08-11,35281.3984375,4464.0498046875,13644.849609375
2023-08-14,35307.62890625,4489.72021484375,13788.330078125
2023-08-15,34946.390625,4437.85986328125,13631.0498046875
2023-08-16,34765.73828125,4404.330078125,13474.6298828125
2023-08-17,34474.828125,4370.35986328125,13316.9296875
2023-08-18,34500.66015625,4369.7099609375,13290.7802734375
2023-08-21,34463.69140625,4399.77001953125,13497.58984375
2023-08-22,34288.828125,4387.5498046875,13505.8701171875
2023-08-23,34472.98046875,4436.009765625,13721.0302734375
2023-08-24,34099.421875,4376.31005859375,13463.9697265625
2023-08-25,34346.8984375,4405.7099609375,13590.650390625
2023-08-28,34559.98046875,4433.31005859375,13705.1298828125
2023-08-29,34852.671875,4497.6298828125,13943.759765625
2023-08-30,34890.23828125,4514.8701171875,14019.3095703125
2023-08-31,34721.91015625,4507.66015625,14034.9697265625
2023-09-01,34837.7109375,4515.77001953125,14031.8095703125
2023-09-05,34641.96875,4496.830078125,14020.9501953125
2023-09-06,34443.19140625,4465.47998046875,13872.4697265625
2023-09-07,34500.73046875,4451.14013671875,13748.830078125
2023-09-08,34576.58984375,4457.490234375,13761.5302734375
2023-09-11,34663.71875,4487.4599609375,13917.8896484375
2023-09-12,34645.98828125,4461.89990234375,13773.6103515625
2023-09-13,34575.53125,4467.43994140625,13813.58984375
2023-09-14,34907.109375,4505.10009765625,13926.0498046875
2023-09-15,34618.23828125,4450.31982421875,13708.330078125
2023-09-18,34624.30078125,4453.52978515625,13710.240234375
2023-09-19,34517.73046875,4443.9501953125,13678.1904296875
2023-09-20,34440.87890625,4402.2001953125,13469.1298828125
2023-09-21,34070.421875,4330.0,13223.98046875
2023-09-22,33963.83984375,4320.06005859375,13211.8095703125
2023-09-25,34006.87890625,4337.43994140625,13271.3203125
2023-09-26,33618.87890625,4273.52978515625,13063.6103515625
2023-09-27,33550.26953125,4274.509765625,13092.849609375
2023-09-28,33666.33984375,4299.7001953125,13201.2802734375
2023-09-29,33507.5,4288.0498046875,13219.3203125
2023-10-02,33433.3515625,4288.39013671875,13307.76953125
2023-10-03,33002.37890625,4229.4501953125,13059.4697265625
2023-10-04,33129.55078125,4263.75,13236.009765625
2023-10-05,33119.5703125,4258.18994140625,13219.830078125
2023-10-06,33407.578125,4308.5,13431.33984375
2023-10-09,33604.6484375,4335.66015625,13484.240234375
2023-10-10,33739.30078125,4358.240234375,13562.83984375
2023-10-11,33804.87109375,4376.9501953125,13659.6796875
2023-10-12,33631.140625,4349.60986328125,13574.2197265625
2023-10-13,33670.2890625,4327.77978515625,13407.23046875
2023-10-16,33984.5390625,4373.6298828125,13567.98046875
2023-10-17,33997.6484375,4373.2001953125,13533.75
2023-10-18,33665.078125,4314.60009765625,13314.2998046875
2023-10-19,33414.171875,4278.0,13186.1796875
2023-10-20,33127.28125,4224.16015625,12983.8095703125
2023-10-23,32936.41015625,4217.0400390625,13018.330078125
2023-10-24,33141.37890625,4247.68017578125,13139.8701171875
2023-10-25,33035.9296875,4186.77001953125,12821.2197265625
2023-10-26,32784.30078125,4137.22998046875,12595.6103515625
2023-10-27,32417.58984375,4117.3701171875,12643.009765625
2023-10-30,32928.9609375,4166.81982421875,12789.48046875
2023-10-31,33052.87109375,4193.7998046875,12851.240234375
2023-11-01,33274.578125,4237.85986328125,13061.4697265625
2023-11-02,33839.078125,4317.77978515625,13294.1904296875
2023-11-03,34061.3203125,4358.33984375,13478.2802734375
2023-11-06,34095.859375,4365.97998046875,13518.7802734375
2023-11-07,34152.6015625,4378.3798828125,13639.8603515625
2023-11-08,34112.26953125,4382.77978515625,13650.41015625
2023-11-09,33891.94140625,4347.35009765625,13521.4501953125
2023-11-10,34283.1015625,4415.240234375,13798.1103515625
2023-11-13,34337.87109375,4411.5498046875,13767.740234375
2023-11-14,34827.69921875,4495.7001953125,14094.3798828125
2023-11-15,34991.2109375,4502.8798828125,14103.83984375
2023-11-16,34945.46875,4508.240234375,14113.669921875
2023-11-17,34947.28125,4514.02001953125,14125.48046875
2023-11-20,35151.0390625,4547.3798828125,14284.5302734375
2023-11-21,35088.2890625,4538.18994140625,14199.98046875
2023-11-22,35273.03125,4556.6201171875,14265.8603515625
2023-11-24,35390.1484375,4559.33984375,14250.849609375
2023-11-27,35333.46875,4550.43017578125,14241.01953125
2023-11-28,35416.98046875,4554.89013671875,14281.759765625
2023-11-29,35430.421875,4550.580078125,14258.490234375
2023-11-30,35950.890625,4567.7998046875,14226.2197265625
2023-12-01,36245.5,4594.6298828125,14305.0302734375
2023-12-04,36204.44140625,4569.77978515625,14185.490234375
2023-12-05,36124.55859375,4567.18017578125,14229.91015625
2023-12-06,36054.4296875,4549.33984375,14146.7099609375
2023-12-07,36117.37890625,4585.58984375,14339.990234375
2023-12-08,36247.87109375,4604.3701171875,14403.9697265625
2023-12-11,36404.9296875,4622.43994140625,14432.490234375
2023-12-12,36577.94140625,4643.7001953125,14533.400390625
2023-12-13,37090.23828125,4707.08984375,14733.9599609375
2023-12-14,37248.3515625,4719.5498046875,14761.5595703125
2023-12-15,37305.16015625,4719.18994140625,14813.919921875
2023-12-18,37306.01953125,4740.56005859375,14904.8095703125
2023-12-19,37557.921875,4768.3701171875,15003.2197265625
2023-12-20,37082.0,4698.35009765625,14777.9404296875
2023-12-21,37404.3515625,4746.75,14963.8701171875
2023-12-22,37385.96875,4754.6298828125,14992.9697265625
2023-12-26,37545.328125,4774.75,15074.5703125
2023-12-27,37656.51953125,4781.580078125,15099.1796875
2023-12-28,37710.1015625,4783.35009765625,15095.1396484375
2023-12-29,37689.5390625,4769.830078125,15011.349609375
2024-01-02,37715.0390625,4742.830078125,14765.9404296875
2024-01-03,37430.19140625,4704.81005859375,14592.2099609375
2024-01-04,37440.33984375,4688.68017578125,14510.2998046875
2024-01-05,37466.109375,4697.240234375,14524.0703125
2024-01-08,37683.01171875,4763.5400390625,14843.76953125
2024-01-09,37525.16015625,4756.5,14857.7099609375
2024-01-10,37695.73046875,4783.4501953125,14969.650390625
2024-01-11,37711.01953125,4780.240234375,14970.1904296875
2024-01-12,37592.98046875,4783.830078125,14972.759765625
2024-01-16,37361.12109375,4765.97998046875,14944.349609375
2024-01-17,37266.671875,4739.2099609375,14855.6201171875
2024-01-18,37468.609375,4780.93994140625,15055.650390625
2024-01-19,37863.80078125,4839.81005859375,15310.9697265625
2024-01-22,38001.80859375,4850.43017578125,15360.2900390625
2024-01-23,37905.44921875,4864.60009765625,15425.9404296875
2024-01-24,37806.390625,4868.5498046875,15481.919921875
2024-01-25,38049.12890625,4894.16015625,15510.5
2024-01-26,38109.4296875,4890.97021484375,15455.3603515625
2024-01-29,38333.44921875,4927.93017578125,15628.0400390625
2024-01-30,38467.30859375,4924.97021484375,15509.900390625
2024-01-31,38150.30078125,4845.64990234375,15164.009765625
2024-02-01,38519.83984375,4906.18994140625,15361.6396484375
2024-02-02,38654.421875,4958.60986328125,15628.9501953125
2024-02-05,38380.12109375,4942.81005859375,15597.6796875
2024-02-06,38521.359375,4954.22998046875,15609.0
2024-02-07,38677.359375,4995.06005859375,15756.6396484375
2024-02-08,38726.328125,4997.91015625,15793.7099609375
2024-02-09,38671.69140625,5026.60986328125,15990.66015625
2024-02-12,38797.37890625,5021.83984375,15942.5498046875
2024-02-13,38272.75,4953.169921875,15655.599609375
2024-02-14,38424.26953125,5000.6201171875,15859.150390625
2024-02-15,38773.12109375,5029.72998046875,15906.169921875
2024-02-16,38627.98828125,5005.56982421875,15775.650390625
2024-02-20,38563.80078125,4975.509765625,15630.7802734375
2024-02-21,38612.23828125,4981.7998046875,15580.8701171875
2024-02-22,39069.109375,5087.02978515625,16041.6201171875
2024-02-23,39131.53125,5088.7998046875,15996.8203125
2024-02-26,39069.23046875,5069.52978515625,15976.25
2024-02-27,38972.41015625,5078.18017578125,16035.2998046875
2024-02-28,38949.01953125,5069.759765625,15947.740234375
2024-02-29,38996.390625,5096.27001953125,16091.919921875
2024-03-01,39087.37890625,5137.080078125,16274.9404296875
2024-03-04,38989.828125,5130.9501953125,16207.509765625
2024-03-05,38585.19140625,5078.64990234375,15939.58984375
2024-03-06,38661.05078125,5104.759765625,16031.5400390625
2024-03-07,38791.3515625,5157.35986328125,16273.3798828125
2024-03-08,38722.69140625,5123.68994140625,16085.1103515625
2024-03-11,38769.66015625,5117.93994140625,16019.26953125
2024-03-12,39005.48828125,5175.27001953125,16265.6396484375
2024-03-13,39043.3203125,5165.31005859375,16177.76953125
2024-03-14,38905.66015625,5150.47998046875,16128.5302734375
2024-03-15,38714.76953125,5117.08984375,15973.169921875
2024-03-18,38790.4296875,5149.419921875,16103.4501953125
2024-03-19,39110.76171875,5178.509765625,16166.7900390625
2024-03-20,39512.12890625,5224.6201171875,16369.41015625
2024-03-21,39781.37109375,5241.52978515625,16401.83984375
2024-03-22,39475.8984375,5234.18017578125,16428.8203125
2024-03-25,39313.640625,5218.18994140625,16384.470703125
2024-03-26,39282.328125,5203.580078125,16315.7001953125
2024-03-27,39760.078125,5248.490234375,16399.51953125
2024-03-28,39807.37109375,5254.35009765625,16379.4599609375
2024-04-01,39566.8515625,5243.77001953125,16396.830078125
2024-04-02,39170.23828125,5205.81005859375,16240.4501953125
2024-04-03,39127.140625,5211.490234375,16277.4599609375
2024-04-04,38596.98046875,5147.2099609375,16049.080078125
2024-04-05,38904.0390625,5204.33984375,16248.51953125
2024-04-08,38892.80078125,5202.39013671875,16253.9599609375
2024-04-09,38883.671875,5209.91015625,16306.6396484375
2024-04-10,38461.51171875,5160.64013671875,16170.3603515625
2024-04-11,38459.078125,5199.06005859375,16442.19921875
2024-04-12,37983.23828125,5123.41015625,16175.08984375
2024-04-15,37735.109375,5061.81982421875,15885.01953125
2024-04-16,37798.96875,5051.41015625,15865.25
2024-04-17,37753.30859375,5022.2099609375,15683.3701171875
2024-04-18,37775.37890625,5011.1201171875,15601.5
2024-04-19,37986.3984375,4967.22998046875,15282.009765625
2024-04-22,38239.98046875,5010.60009765625,15451.3095703125
2024-04-23,38503.69140625,5070.5498046875,15696.6396484375
2024-04-24,38460.921875,5071.6298828125,15712.75
2024-04-25,38085.80078125,5048.419921875,15611.759765625
2024-04-26,38239.66015625,5099.9599609375,15927.900390625
2024-04-29,38386.08984375,5116.169921875,15983.080078125
2024-04-30,37815.921875,5035.68994140625,15657.8203125
2024-05-01,37903.2890625,5018.39013671875,15605.48046875
2024-05-02,38225.66015625,5064.2001953125,15840.9599609375
2024-05-03,38675.6796875,5127.7900390625,16156.330078125
2024-05-06,38852.26953125,5180.740234375,16349.25
2024-05-07,38884.26171875,5187.7001953125,16332.5595703125
2024-05-08,39056.390625,5187.669921875,16302.759765625
2024-05-09,39387.76171875,5214.080078125,16346.259765625
2024-05-10,39512.83984375,5222.68017578125,16340.8701171875
2024-05-13,39431.51171875,5221.419921875,16388.240234375
2024-05-14,39558.109375,5246.68017578125,16511.1796875
2024-05-15,39908.0,5308.14990234375,16742.390625
2024-05-16,39869.37890625,5297.10009765625,16698.3203125
2024-05-17,40003.58984375,5303.27001953125,16685.970703125
2024-05-20,39806.76953125,5308.1298828125,16794.869140625
2024-05-21,39872.98828125,5321.41015625,16832.619140625
2024-05-22,39671.0390625,5307.009765625,16801.5390625
2024-05-23,39065.26171875,5267.83984375,16736.029296875
2024-05-24,39069.58984375,5304.72021484375,16920.7890625
2024-05-28,38852.859375,5306.0400390625,17019.880859375
2024-05-29,38441.5390625,5266.9501953125,16920.580078125
2024-05-30,38111.48046875,5235.47998046875,16737.080078125
2024-05-31,38686.3203125,5277.509765625,16735.01953125
2024-06-03,38571.03125,5283.39990234375,16828.669921875
2024-06-04,38711.2890625,5291.33984375,16857.05078125
2024-06-05,38807.328125,5354.02978515625,17187.900390625
2024-06-06,38886.171875,5352.9599609375,17173.119140625
2024-06-07,38798.98828125,5346.990234375,17133.130859375
2024-06-10,38868.0390625,5360.7900390625,17192.529296875
2024-06-11,38747.421875,5375.31982421875,17343.55078125
2024-06-12,38712.2109375,5421.02978515625,17608.439453125
2024-06-13,38647.1015625,5433.740234375,17667.560546875
2024-06-14,38589.16015625,5431.60009765625,17688.880859375
2024-06-17,38778.1015625,5473.22998046875,17857.01953125
2024-06-18,38834.859375,5487.02978515625,17862.23046875
2024-06-20,39134.76171875,5473.169921875,17721.58984375
2024-06-21,39150.328125,5464.6201171875,17689.359375
2024-06-24,39411.2109375,5447.8701171875,17496.8203125
2024-06-25,39112.16015625,5469.2998046875,17717.650390625
2024-06-26,39127.80078125,5477.89990234375,17805.16015625
2024-06-27,39164.05859375,5482.8701171875,17858.6796875
2024-06-28,39118.859375,5460.47998046875,17732.599609375
2024-07-01,39169.51953125,5475.08984375,17879.30078125
2024-07-02,39331.8515625,5509.009765625,18028.759765625
2024-07-03,39308.0,5537.02001953125,18188.30078125
2024-07-05,39375.87109375,5567.18994140625,18352.759765625
2024-07-08,39344.7890625,5572.85009765625,18403.740234375
2024-07-09,39291.96875,5576.97998046875,18429.2890625
2024-07-10,39721.359375,5633.91015625,18647.44921875
2024-07-11,39753.75,5584.5400390625,18283.41015625
2024-07-12,40000.8984375,5615.35009765625,18398.44921875
2024-07-15,40211.71875,5631.22021484375,18472.5703125
2024-07-16,40954.48046875,5667.2001953125,18509.33984375
2024-07-17,41198.078125,5588.27001953125,17996.919921875
2024-07-18,40665.01953125,5544.58984375,17871.220703125
2024-07-19,40287.53125,5505.0,17726.939453125
2024-07-22,40415.44140625,5564.41015625,18007.5703125
2024-07-23,40358.08984375,5555.740234375,17997.349609375
2024-07-24,39853.87109375,5427.1298828125,17342.41015625
2024-07-25,39935.0703125,5399.22021484375,17181.720703125
2024-07-26,40589.33984375,5459.10009765625,17357.880859375
2024-07-29,40539.9296875,5463.5400390625,17370.19921875
2024-07-30,40743.328125,5436.43994140625,17147.419921875
2024-07-31,40842.7890625,5522.2998046875,17599.400390625
2024-08-01,40347.96875,5446.68017578125,17194.150390625
2024-08-02,39737.26171875,5346.56005859375,16776.16015625
2024-08-05,38703.26953125,5186.330078125,16200.080078125
2024-08-06,38997.66015625,5240.02978515625,16366.849609375
2024-08-07,38763.44921875,5199.5,16195.8095703125
2024-08-08,39446.48828125,5319.31005859375,16660.01953125
2024-08-09,39497.5390625,5344.16015625,16745.30078125
2024-08-12,39357.01171875,5344.39013671875,16780.609375
2024-08-13,39765.640625,5434.43017578125,17187.609375
2024-08-14,40008.390625,5455.2099609375,17192.599609375
2024-08-15,40563.05859375,5543.22021484375,17594.5
2024-08-16,40659.76171875,5554.25,17631.720703125
2024-08-19,40896.53125,5608.25,17876.76953125
2024-08-20,40834.96875,5597.1201171875,17816.939453125
2024-08-21,40890.48828125,5620.85009765625,17918.990234375
2024-08-22,40712.78125,5570.64013671875,17619.349609375
2024-08-23,41175.078125,5634.60986328125,17877.7890625
2024-08-26,41240.51953125,5616.83984375,17725.76953125
2024-08-27,41250.5,5625.7998046875,17754.8203125
2024-08-28,41091.421875,5592.18017578125,17556.029296875
2024-08-29,41335.05078125,5591.9599609375,17516.4296875
2024-08-30,41563.078125,5648.39990234375,17713.619140625
2024-09-03,40936.9296875,5528.93017578125,17136.30078125
2024-09-04,40974.96875,5520.06982421875,17084.30078125
2024-09-05,40755.75,5503.41015625,17127.66015625
2024-09-06,40345.41015625,5408.419921875,16690.830078125
2024-09-09,40829.58984375,5471.0498046875,16884.599609375
2024-09-10,40736.9609375,5495.52001953125,17025.880859375
2024-09-11,40861.7109375,5554.1298828125,17395.529296875
2024-09-12,41096.76953125,5595.759765625,17569.6796875
2024-09-13,41393.78125,5626.02001953125,17683.98046875
2024-09-16,41622.078125,5633.08984375,17592.130859375
2024-09-17,41606.1796875,5634.580078125,17628.060546875
2024-09-18,41503.1015625,5618.259765625,17573.30078125
2024-09-19,42025.19140625,5713.64013671875,18013.98046875
2024-09-20,42063.359375,5702.5498046875,17948.3203125
2024-09-23,42124.6484375,5718.56982421875,17974.26953125
2024-09-24,42208.21875,5732.93017578125,18074.51953125
2024-09-25,41914.75,5722.259765625,18082.2109375
2024-09-26,42175.109375,5745.3701171875,18190.2890625
2024-09-27,42313.0,5738.169921875,18119.58984375
2024-09-30,42330.1484375,5762.47998046875,18189.169921875
2024-10-01,42156.96875,5708.75,17910.359375
2024-10-02,42196.51953125,5709.5400390625,17925.119140625
2024-10-03,42011.58984375,5699.93994140625,17918.48046875
2024-10-04,42352.75,5751.06982421875,18137.849609375
2024-10-07,41954.23828125,5695.93994140625,17923.900390625
2024-10-08,42080.37109375,5751.1298828125,18182.919921875
2024-10-09,42512.0,5792.0400390625,18291.619140625
2024-10-10,42454.12109375,5780.0498046875,18282.05078125
2024-10-11,42863.859375,5815.02978515625,18342.939453125
2024-10-14,43065.21875,5859.85009765625,18502.689453125
2024-10-15,42740.421875,5815.259765625,18315.58984375
2024-10-16,43077.69921875,5842.47021484375,18367.080078125
2024-10-17,43239.05078125,5841.47021484375,18373.609375
2024-10-18,43275.91015625,5864.669921875,18489.55078125
2024-10-21,42931.6015625,5853.97998046875,18540.009765625
2024-10-22,42924.890625,5851.2001953125,18579.76953125
2024-10-23,42514.94921875,5797.419921875,18276.650390625
2024-10-24,42374.359375,5809.85986328125,18415.490234375
2024-10-25,42114.3984375,5808.1201171875,18518.609375
2024-10-28,42387.5703125,5823.52001953125,18567.189453125
2024-10-29,42233.05078125,5832.919921875,18712.75
2024-10-30,42141.5390625,5813.669921875,18607.9296875
2024-10-31,41763.4609375,5705.4501953125,18095.150390625
2024-11-01,42052.19140625,5728.7998046875,18239.919921875
2024-11-04,41794.6015625,5712.68994140625,18179.98046875
2024-11-05,42221.87890625,5782.759765625,18439.169921875
2024-11-06,43729.9296875,5929.0400390625,18983.470703125
2024-11-07,43729.33984375,5973.10009765625,19269.4609375
2024-11-08,43988.98828125,5995.5400390625,19286.779296875
2024-11-11,44293.12890625,6001.35009765625,19298.759765625
2024-11-12,43910.98046875,5983.990234375,19281.400390625
2024-11-13,43958.19140625,5985.3798828125,19230.720703125
2024-11-14,43750.859375,5949.169921875,19107.650390625
2024-11-15,43444.98828125,5870.6201171875,18680.119140625
2024-11-18,43389.6015625,5893.6201171875,18791.810546875
2024-11-19,43268.94140625,5916.97998046875,18987.470703125
2024-11-20,43408.46875,5917.10986328125,18966.140625
2024-11-21,43870.3515625,5948.7099609375,18972.419921875
2024-11-22,44296.51171875,5969.33984375,19003.650390625
2024-11-25,44736.5703125,5987.3701171875,19054.83984375
2024-11-26,44860.30859375,6021.6298828125,19174.30078125
2024-11-27,44722.05859375,5998.740234375,19060.48046875
2024-11-29,44910.6484375,6032.3798828125,19218.169921875
2024-12-02,44782.0,6047.14990234375,19403.94921875
2024-12-03,44705.53125,6049.8798828125,19480.91015625
2024-12-04,45014.0390625,6086.490234375,19735.119140625
2024-12-05,44765.7109375,6075.10986328125,19700.259765625
2024-12-06,44642.51953125,6090.27001953125,19859.76953125
2024-12-09,44401.9296875,6052.85009765625,19736.689453125
2024-12-10,44247.828125,6034.91015625,19687.240234375
2024-12-11,44148.55859375,6084.18994140625,20034.890625
2024-12-12,43914.12109375,6051.25,19902.83984375
2024-12-13,43828.05859375,6051.08984375,19926.720703125
2024-12-16,43717.48046875,6074.080078125,20173.890625
2024-12-17,43449.8984375,6050.60986328125,20109.060546875
2024-12-18,42326.87109375,5872.16015625,19392.689453125
2024-12-19,42342.23828125,5867.080078125,19372.76953125
2024-12-20,42840.26171875,5930.85009765625,19572.599609375
2024-12-23,42906.94921875,5974.06982421875,19764.880859375
2024-12-24,43297.03125,6040.0400390625,20031.130859375
2024-12-26,43325.80078125,6037.58984375,20020.359375
2024-12-27,42992.2109375,5970.83984375,19722.029296875
2024-12-30,42573.73046875,5906.93994140625,19486.7890625
2024-12-31,42544.21875,5881.6298828125,19310.7890625
2025-01-02,42392.26953125,5868.5498046875,19280.7890625
2025-01-03,42732.12890625,5942.47021484375,19621.6796875
2025-01-06,42706.55859375,5975.3798828125,19864.98046875
2025-01-07,42528.359375,5909.02978515625,19489.6796875
2025-01-08,42635.19921875,5918.25,19478.880859375
2025-01-10,41938.44921875,5827.0400390625,19161.630859375
2025-01-13,42297.12109375,5836.22021484375,19088.099609375
2025-01-14,42518.28125,5842.91015625,19044.390625
2025-01-15,43221.55078125,5949.91015625,19511.23046875
2025-01-16,43153.12890625,5937.33984375,19338.2890625
2025-01-17,43487.828125,5996.66015625,19630.19921875
2025-01-21,44025.80859375,6049.240234375,19756.779296875
2025-01-22,44156.73046875,6086.3701171875,20009.33984375
2025-01-23,44565.0703125,6118.7099609375,20053.6796875
2025-01-24,44424.25,6101.240234375,19954.30078125
2025-01-27,44713.578125,6012.27978515625,19341.830078125
2025-01-28,44850.3515625,6067.7001953125,19733.58984375
2025-01-29,44713.51953125,6039.31005859375,19632.3203125
2025-01-30,44882.12890625,6071.169921875,19681.75
2025-01-31,44544.66015625,6040.52978515625,19627.439453125
2025-02-03,44421.91015625,5994.56982421875,19391.9609375
2025-02-04,44556.0390625,6037.8798828125,19654.01953125
2025-02-05,44873.28125,6061.47998046875,19692.330078125
2025-02-06,44747.62890625,6083.56982421875,19791.990234375
2025-02-07,44303.3984375,6025.990234375,19523.400390625
2025-02-10,44470.41015625,6066.43994140625,19714.26953125
2025-02-11,44593.6484375,6068.5,19643.859375
2025-02-12,44368.55859375,6051.97021484375,19649.94921875
2025-02-13,44711.4296875,6115.06982421875,19945.640625
2025-02-14,44546.078125,6114.6298828125,20026.76953125
2025-02-18,44556.33984375,6129.580078125,20041.259765625
2025-02-19,44627.58984375,6144.14990234375,20056.25
2025-02-20,44176.6484375,6117.52001953125,19962.359375
2025-02-21,43428.01953125,6013.1298828125,19524.009765625
2025-02-24,43461.2109375,5983.25,19286.9296875
2025-02-25,43621.16015625,5955.25,19026.390625
2025-02-26,43433.12109375,5956.06005859375,19075.259765625
2025-02-27,43239.5,5861.56982421875,18544.419921875
2025-02-28,43840.91015625,5954.5,18847.279296875
2025-03-03,43191.23828125,5849.72021484375,18350.189453125
2025-03-04,42520.98828125,5778.14990234375,18285.16015625
2025-03-05,43006.58984375,5842.6298828125,18552.73046875
2025-03-06,42579.078125,5738.52001953125,18069.259765625
2025-03-07,42801.71875,5770.2001953125,18196.220703125
2025-03-10,41911.7109375,5614.56005859375,17468.3203125
2025-03-11,41433.48046875,5572.06982421875,17436.099609375
2025-03-12,41350.9296875,5599.2998046875,17648.44921875
2025-03-13,40813.5703125,5521.52001953125,17303.009765625
2025-03-14,41488.19140625,5638.93994140625,17754.08984375
2025-03-17,41841.62890625,5675.1201171875,17808.66015625
2025-03-18,41581.30859375,5614.66015625,17504.119140625
2025-03-19,41964.62890625,5675.2900390625,17750.7890625
2025-03-20,41953.3203125,5662.89013671875,17691.630859375
2025-03-21,41985.3515625,5667.56005859375,17784.05078125
2025-03-24,42583.3203125,5767.56982421875,18188.58984375
2025-03-25,42587.5,5776.64990234375,18271.859375
2025-03-26,42454.7890625,5712.2001953125,17899.01953125
2025-03-27,42299.69921875,5693.31005859375,17804.029296875
2025-03-28,41583.8984375,5580.93994140625,17322.990234375
2025-03-31,42001.76171875,5611.85009765625,17299.2890625
2025-04-01,41989.9609375,5633.06982421875,17449.890625
2025-04-02,42225.3203125,5670.97021484375,17601.05078125
2025-04-03,40545.9296875,5396.52001953125,16550.609375
2025-04-04,38314.859375,5074.080078125,15587.7900390625
2025-04-07,37965.6015625,5062.25,15603.259765625
2025-04-08,37645.58984375,4982.77001953125,15267.91015625
2025-04-09,40608.44921875,5456.89990234375,17124.970703125
2025-04-10,39593.66015625,5268.0498046875,16387.310546875
2025-04-11,40212.7109375,5363.35986328125,16724.4609375
2025-04-14,40524.7890625,5405.97021484375,16831.48046875
2025-04-15,40368.9609375,5396.6298828125,16823.169921875
2025-04-16,39669.390625,5275.7001953125,16307.16015625
2025-04-17,39142.23046875,5282.7001953125,16286.4501953125
2025-04-21,38170.41015625,5158.2001953125,15870.900390625
2025-04-22,39186.98046875,5287.759765625,16300.419921875
2025-04-23,39606.5703125,5375.85986328125,16708.05078125
2025-04-24,40093.3984375,5484.77001953125,17166.0390625
2025-04-25,40113.5,5525.2099609375,17382.939453125
2025-04-28,40227.58984375,5528.75,17366.130859375
2025-04-29,40527.62109375,5560.830078125,17461.3203125
2025-04-30,40669.359375,5569.06005859375,17446.33984375
2025-05-01,40752.9609375,5604.14013671875,17710.740234375
2025-05-02,41317.4296875,5686.669921875,17977.73046875
2025-05-05,41218.828125,5650.3798828125,17844.240234375
2025-05-06,40829.0,5606.91015625,17689.66015625
2025-05-07,41113.96875,5631.27978515625,17738.16015625
2025-05-08,41368.44921875,5663.93994140625,17928.140625
2025-05-09,41249.37890625,5659.91015625,17928.919921875
2025-05-12,42410.1015625,5844.18994140625,18708.33984375
2025-05-13,42140.4296875,5886.5498046875,19010.08984375
2025-05-14,42051.05859375,5892.580078125,19146.810546875
2025-05-15,42322.75,5916.93017578125,19112.3203125
2025-05-16,42654.73828125,5958.3798828125,19211.099609375
2025-05-19,42792.0703125,5963.60009765625,19215.4609375
2025-05-20,42677.23828125,5940.4599609375,19142.7109375
2025-05-21,41860.44140625,5844.60986328125,18872.640625
2025-05-22,41859.08984375,5842.009765625,18925.740234375
2025-05-23,41603.0703125,5802.81982421875,18737.2109375
2025-05-27,42343.6484375,5921.5400390625,19199.16015625
2025-05-28,42098.69921875,5888.5498046875,19100.939453125
2025-05-29,42215.73046875,5912.169921875,19175.869140625
2025-05-30,42270.0703125,5911.68994140625,19113.76953125
2025-06-02,42305.48046875,5935.93994140625,19242.609375
2025-06-03,42519.640625,5970.3701171875,19398.9609375
2025-06-04,42427.73828125,5970.81005859375,19460.490234375
2025-06-05,42319.73828125,5939.2998046875,19298.44921875
2025-06-06,42762.87109375,6000.35986328125,19529.94921875
2025-06-09,42761.76171875,6005.8798828125,19591.240234375
2025-06-10,42866.87109375,6038.81005859375,19714.990234375
2025-06-11,42865.76953125,6022.240234375,19615.880859375
2025-06-12,42967.62109375,6045.259765625,19662.490234375
2025-06-13,42197.7890625,5976.97021484375,19406.830078125
2025-06-16,42515.08984375,6033.10986328125,19701.2109375
2025-06-17,42215.80078125,5982.72021484375,19521.08984375
2025-06-18,42171.66015625,5980.8701171875,19546.26953125
2025-06-20,42206.8203125,5967.83984375,19447.41015625
2025-06-23,42581.78125,6025.169921875,19630.970703125
2025-06-24,43089.01953125,6092.18017578125,19912.529296875
2025-06-25,42982.4296875,6092.16015625,19973.55078125
2025-06-26,43386.83984375,6141.02001953125,20167.91015625
2025-06-27,43819.26953125,6173.06982421875,20273.4609375
2025-06-30,44094.76953125,6204.9501953125,20369.73046875
2025-07-01,44494.94140625,6198.009765625,20202.890625
2025-07-02,44484.421875,6227.419921875,20393.130859375
2025-07-03,44828.53125,6279.35009765625,20601.099609375
2025-07-07,44406.359375,6229.97998046875,20412.51953125
2025-07-08,44240.76171875,6225.52001953125,20418.4609375
2025-07-09,44458.30078125,6263.259765625,20611.33984375
2025-07-10,44650.640625,6280.4599609375,20630.66015625
2025-07-11,44371.51171875,6259.75,20585.529296875
2025-07-14,44459.6484375,6268.56005859375,20640.330078125
2025-07-15,44023.2890625,6243.759765625,20677.80078125
2025-07-16,44254.78125,6263.7001953125,20730.490234375
2025-07-17,44484.48828125,6297.35986328125,20885.650390625
2025-07-18,44342.19140625,6296.7900390625,20895.650390625
2025-07-21,44323.0703125,6305.60009765625,20974.1796875
2025-07-22,44502.44140625,6309.6201171875,20892.689453125
2025-07-23,45010.2890625,6358.91015625,21020.01953125
2025-07-24,44693.91015625,6363.35009765625,21057.9609375
2025-07-25,44901.921875,6388.64013671875,21108.3203125
2025-07-28,44837.55859375,6389.77001953125,21178.580078125
2025-07-29,44632.98828125,6370.85986328125,21098.2890625
2025-07-30,44461.28125,6362.89990234375,21129.669921875
2025-07-31,44130.98046875,6339.39013671875,21122.44921875
2025-08-01,43588.578125,6238.009765625,20650.130859375
2025-08-04,44173.640625,6329.93994140625,21053.580078125
2025-08-05,44111.73828125,6299.18994140625,20916.55078125
2025-08-06,44193.12109375,6345.06005859375,21169.419921875
2025-08-07,43968.640625,6340.0,21242.69921875
2025-08-08,44175.609375,6389.4501953125,21450.01953125
2025-08-11,43975.08984375,6373.4501953125,21385.400390625
2025-08-12,44458.609375,6445.759765625,21681.900390625
2025-08-13,44922.26953125,6466.580078125,21713.140625
2025-08-14,44911.26171875,6468.5400390625,21710.669921875
2025-08-15,44946.12109375,6449.7998046875,21622.98046875
2025-08-18,44911.8203125,6449.14990234375,21629.76953125
2025-08-19,44922.26953125,6411.3701171875,21314.94921875
2025-08-20,44938.30859375,6395.77978515625,21172.859375
2025-08-21,44785.5,6370.169921875,21100.310546875
2025-08-22,45631.73828125,6466.91015625,21496.5390625
2025-08-25,45282.46875,6439.31982421875,21449.2890625
2025-08-26,45418.0703125,6465.93994140625,21544.26953125
2025-08-27,45565.23046875,6481.39990234375,21590.140625
2025-08-28,45636.8984375,6501.85986328125,21705.16015625
2025-08-29,45544.87890625,6460.259765625,21455.55078125
2025-09-02,45295.80859375,6415.5400390625,21279.630859375
2025-09-03,45271.23046875,6448.259765625,21497.73046875
2025-09-04,45621.2890625,6502.080078125,21707.689453125
2025-09-05,45400.859375,6481.5,21700.390625
2025-09-08,45514.94921875,6495.14990234375,21798.69921875
2025-09-09,45711.33984375,6512.60986328125,21879.490234375
2025-09-10,45490.921875,6532.0400390625,21886.060546875
2025-09-11,46108.0,6587.47021484375,22043.0703125
2025-09-12,45834.21875,6584.2900390625,22141.099609375
2025-09-15,45883.44921875,6615.27978515625,22348.75
2025-09-16,45757.8984375,6606.759765625,22333.9609375
2025-09-17,46018.3203125,6600.35009765625,22261.330078125
2025-09-18,46142.421875,6631.9599609375,22470.720703125
2025-09-19,46315.26953125,6664.35986328125,22631.48046875
2025-09-22,46381.5390625,6693.75,22788.98046875
2025-09-23,46292.78125,6656.919921875,22573.470703125
2025-09-24,46121.28125,6637.97021484375,22497.859375
2025-09-25,45947.3203125,6604.72021484375,22384.69921875
2025-09-26,46247.2890625,6643.7001953125,22484.0703125
2025-09-29,46316.0703125,6661.2099609375,22591.150390625
2025-09-30,46397.890625,6688.4599609375,22660.009765625
2025-10-01,46441.1015625,6711.2001953125,22755.16015625
2025-10-02,46519.71875,6715.35009765625,22844.05078125
2025-10-03,46758.28125,6715.7900390625,22780.509765625
2025-10-06,46694.96875,6740.27978515625,22941.669921875
2025-10-07,46602.98046875,6714.58984375,22788.359375
2025-10-08,46601.78125,6753.72021484375,23043.380859375
2025-10-09,46358.421875,6735.10986328125,23024.630859375
2025-10-10,45479.6015625,6552.509765625,22204.4296875
2025-10-13,46067.578125,6654.72021484375,22694.609375
2025-10-14,46270.4609375,6644.31005859375,22521.69921875
2025-10-15,46253.30859375,6671.06005859375,22670.080078125
2025-10-16,45952.23828125,6629.06982421875,22562.5390625
2025-10-17,46190.609375,6664.009765625,22679.970703125
2025-10-20,46706.578125,6735.1298828125,22990.5390625
2025-10-21,46924.73828125,6735.35009765625,22953.669921875
2025-10-22,46590.41015625,6699.39990234375,22740.400390625
2025-10-23,46734.609375,6738.43994140625,22941.80078125
2025-10-24,47207.12109375,6791.68994140625,23204.869140625
2025-10-27,47544.58984375,6875.16015625,23637.4609375
2025-10-28,47706.37109375,6890.89013671875,23827.490234375
2025-10-29,47632.0,6890.58984375,23958.470703125
2025-10-30,47522.12109375,6822.33984375,23581.140625
2025-10-31,47562.87109375,6840.2001953125,23724.9609375
2025-11-03,47336.6796875,6851.97021484375,23834.720703125
2025-11-04,47085.23828125,6771.5498046875,23348.640625
2025-11-05,47311.0,6796.2900390625,23499.80078125
2025-11-06,46912.30078125,6720.31982421875,23053.990234375
2025-11-07,46987.1015625,6728.7998046875,23004.5390625
2025-11-10,47368.62890625,6832.43017578125,23527.169921875
2025-11-11,47927.9609375,6846.60986328125,23468.30078125
2025-11-12,48254.8203125,6850.919921875,23406.4609375
2025-11-13,47457.21875,6737.490234375,22870.359375
2025-11-14,47147.48046875,6734.10986328125,22900.58984375
2025-11-17,46590.23828125,6672.41015625,22708.0703125
2025-11-18,46091.73828125,6617.31982421875,22432.849609375
2025-11-19,46138.76953125,6642.16015625,22564.23046875
2025-11-20,45752.26171875,6538.759765625,22078.05078125
2025-11-21,46245.41015625,6602.990234375,22273.080078125
2025-11-24,46448.26953125,6705.1201171875,22872.009765625
2025-11-25,47112.44921875,6765.8798828125,23025.58984375
2025-11-26,47427.12109375,6812.60986328125,23214.689453125
2025-11-28,47716.421875,6849.08984375,23365.689453125
2025-12-01,47289.328125,6812.6298828125,23275.919921875
2025-12-02,47474.4609375,6829.3701171875,23413.669921875
2025-12-03,47882.8984375,6849.72021484375,23454.08984375
2025-12-04,47850.94140625,6857.1201171875,23505.140625
2025-12-05,47954.98828125,6870.39990234375,23578.130859375
2025-12-08,47739.3203125,6846.509765625,23545.900390625
2025-12-09,47560.2890625,6840.509765625,23576.490234375
2025-12-10,48057.75,6886.68017578125,23654.150390625
2025-12-11,48704.01171875,6901.0,23593.859375
2025-12-12,48458.05078125,6827.41015625,23195.169921875
2025-12-15,48416.55859375,6816.509765625,23057.41015625
2025-12-16,48114.26171875,6800.259765625,23111.4609375
2025-12-17,47885.96875,6721.43017578125,22693.3203125
2025-12-18,47951.8515625,6774.759765625,23006.359375
2025-12-19,48134.890625,6834.5,23307.619140625
2025-12-22,48362.6796875,6878.490234375,23428.830078125
2025-12-23,48442.41015625,6909.7900390625,23561.83984375
2025-12-24,48731.16015625,6932.0498046875,23613.310546875
2025-12-26,48710.96875,6929.93994140625,23593.099609375
2025-12-29,48461.9296875,6905.740234375,23474.349609375
2025-12-30,48367.05859375,6896.240234375,23419.080078125
2025-12-31,48063.2890625,6845.5,23241.990234375
2026-01-02,48382.390625,6858.47021484375,23235.630859375
2026-01-05,48977.1796875,6902.0498046875,23395.8203125
2026-01-06,49462.078125,6944.81982421875,23547.169921875
2026-01-07,48996.078125,6920.93017578125,23584.279296875
2026-01-08,49266.109375,6921.4599609375,23480.01953125
2026-01-09,49504.0703125,6966.27978515625,23671.349609375
2026-01-12,49590.19921875,6977.27001953125,23733.900390625
2026-01-13,49191.98828125,6963.740234375,23709.869140625
2026-01-14,49149.62890625,6926.60009765625,23471.75
2026-01-15,49442.44140625,6944.47021484375,23530.01953125
2026-01-16,49359.328125,6940.009765625,23515.390625
2026-01-20,48488.58984375,6796.85986328125,22954.3203125
2026-01-21,49077.23046875,6875.6201171875,23224.8203125
2026-01-22,49384.01171875,6913.35009765625,23436.01953125
2026-01-23,49098.7109375,6915.60986328125,23501.240234375
2026-01-26,49412.3984375,6950.22998046875,23601.359375
2026-01-27,49003.41015625,6978.60009765625,23817.099609375
2026-01-28,49015.6015625,6978.02978515625,23857.44921875
2026-01-29,49071.55859375,6969.009765625,23685.119140625
2026-01-30,48892.46875,6939.02978515625,23461.8203125
2026-02-02,49407.66015625,6976.43994140625,23592.109375
2026-02-03,49240.98828125,6917.81005859375,23255.189453125
2026-02-04,49501.30078125,6882.72021484375,22904.580078125
2026-02-05,48908.71875,6798.39990234375,22540.58984375
2026-02-06,50115.671875,6932.2998046875,23031.2109375
2026-02-09,50135.87109375,6964.81982421875,23238.669921875
2026-02-10,50188.140625,6941.81005859375,23102.470703125
2026-02-11,50121.3984375,6941.47021484375,23066.470703125
2026-02-12,49451.98046875,6832.759765625,22597.150390625
2026-02-13,49500.9296875,6836.169921875,22546.669921875
2026-02-17,49533.19140625,6843.22021484375,22578.380859375
2026-02-18,49662.66015625,6881.31005859375,22753.630859375
2026-02-19,49395.16015625,6861.89013671875,22682.73046875
2026-02-20,49625.96875,6909.509765625,22886.0703125
2026-02-23,48804.05859375,6837.75,22627.26953125
2026-02-24,49174.5,6890.06982421875,22863.6796875
2026-02-25,49482.1484375,6946.1298828125,23152.080078125
2026-02-26,49499.19921875,6908.85986328125,22878.380859375
2026-02-27,48977.921875,6878.8798828125,22668.2109375
2026-03-02,48904.78125,6881.6201171875,22748.859375
2026-03-03,48501.26953125,6816.6298828125,22516.689453125
2026-03-04,48739.41015625,6869.5,22807.48046875
2026-03-05,47954.73828125,6830.7099609375,22748.990234375
2026-03-06,47501.55078125,6740.02001953125,22387.6796875
2026-03-09,47740.80078125,6795.990234375,22695.94921875
2026-03-10,47706.51171875,6781.47998046875,22697.099609375
2026-03-11,47417.26953125,6775.7998046875,22716.130859375
2026-03-12,46677.8515625,6672.6201171875,22311.98046875
2026-03-13,46558.46875,6632.18994140625,22105.359375
2026-03-16,46946.41015625,6699.3798828125,22374.1796875
2026-03-17,46993.26171875,6716.08984375,22479.529296875
2026-03-18,46225.1484375,6624.7001953125,22152.419921875
2026-03-19,46021.4296875,6606.490234375,22090.689453125
2026-03-20,45577.46875,6506.47998046875,21647.609375
2026-03-23,46208.46875,6581.0,21946.759765625
2026-03-24,46124.05859375,6556.3701171875,21761.890625
2026-03-25,46429.48828125,6591.89990234375,21929.8203125
2026-03-26,45960.109375,6477.16015625,21408.080078125
2026-03-27,45166.640625,6368.85009765625,20948.359375
2026-03-30,45216.140625,6343.72021484375,20794.640625
2026-03-31,46341.51171875,6528.52001953125,21590.630859375
2026-04-01,46565.73828125,6575.31982421875,21840.94921875
2026-04-02,46504.671875,6582.68994140625,21879.1796875
2026-04-06,46669.87890625,6611.830078125,21996.33984375
2026-04-07,46458.1796875,6588.0,21872.16015625
